name,lat,lon
,-26.0,113.0
,-26.0,113.25
,-26.0,113.5
,-26.0,113.75
,-26.0,114.0
,-26.0,114.25
,-26.0,114.5
,-26.0,114.75
,-26.0,115.0
,-26.0,115.25
,-26.0,115.5
,-26.0,115.75
,-26.0,116.0
,-26.0,116.25
,-26.0,116.5
,-26.0,116.75
,-26.0,117.0
,-26.0,117.25
,-26.0,117.5
,-26.0,117.75
,-26.0,118.0
,-26.0,118.25
,-26.0,118.5
,-26.0,118.75
,-26.0,119.0
,-26.0,119.25
,-26.0,119.5
,-26.0,119.75
,-26.0,120.0
,-26.0,120.25
,-26.0,120.5
,-26.0,120.75
,-26.0,121.0
,-26.0,121.25
,-26.0,121.5
,-26.0,121.75
,-26.0,122.0
,-26.0,122.25
,-26.0,122.5
,-26.0,122.75
,-26.0,123.0
,-26.0,123.25
,-26.0,123.5
,-26.0,123.75
,-26.0,124.0
,-26.25,113.0
,-26.25,113.25
,-26.25,113.5
,-26.25,113.75
,-26.25,114.0
,-26.25,114.25
,-26.25,114.5
,-26.25,114.75
,-26.25,115.0
,-26.25,115.25
,-26.25,115.5
,-26.25,115.75
,-26.25,116.0
,-26.25,116.25
,-26.25,116.5
,-26.25,116.75
,-26.25,117.0
,-26.25,117.25
,-26.25,117.5
,-26.25,117.75
,-26.25,118.0
,-26.25,118.25
,-26.25,118.5
,-26.25,118.75
,-26.25,119.0
,-26.25,119.25
,-26.25,119.5
,-26.25,119.75
,-26.25,120.0
,-26.25,120.25
,-26.25,120.5
,-26.25,120.75
,-26.25,121.0
,-26.25,121.25
,-26.25,121.5
,-26.25,121.75
,-26.25,122.0
,-26.25,122.25
,-26.25,122.5
,-26.25,122.75
,-26.25,123.0
,-26.25,123.25
,-26.25,123.5
,-26.25,123.75
,-26.25,124.0
,-26.5,113.0
,-26.5,113.25
,-26.5,113.5
,-26.5,113.75
,-26.5,114.0
,-26.5,114.25
,-26.5,114.5
,-26.5,114.75
,-26.5,115.0
,-26.5,115.25
,-26.5,115.5
,-26.5,115.75
,-26.5,116.0
,-26.5,116.25
,-26.5,116.5
,-26.5,116.75
,-26.5,117.0
,-26.5,117.25
,-26.5,117.5
,-26.5,117.75
,-26.5,118.0
,-26.5,118.25
,-26.5,118.5
,-26.5,118.75
,-26.5,119.0
,-26.5,119.25
,-26.5,119.5
,-26.5,119.75
,-26.5,120.0
,-26.5,120.25
,-26.5,120.5
,-26.5,120.75
,-26.5,121.0
,-26.5,121.25
,-26.5,121.5
,-26.5,121.75
,-26.5,122.0
,-26.5,122.25
,-26.5,122.5
,-26.5,122.75
,-26.5,123.0
,-26.5,123.25
,-26.5,123.5
,-26.5,123.75
,-26.5,124.0
,-26.75,113.0
,-26.75,113.25
,-26.75,113.5
,-26.75,113.75
,-26.75,114.0
,-26.75,114.25
,-26.75,114.5
,-26.75,114.75
,-26.75,115.0
,-26.75,115.25
,-26.75,115.5
,-26.75,115.75
,-26.75,116.0
,-26.75,116.25
,-26.75,116.5
,-26.75,116.75
,-26.75,117.0
,-26.75,117.25
,-26.75,117.5
,-26.75,117.75
,-26.75,118.0
,-26.75,118.25
,-26.75,118.5
,-26.75,118.75
,-26.75,119.0
,-26.75,119.25
,-26.75,119.5
,-26.75,119.75
,-26.75,120.0
,-26.75,120.25
,-26.75,120.5
,-26.75,120.75
,-26.75,121.0
,-26.75,121.25
,-26.75,121.5
,-26.75,121.75
,-26.75,122.0
,-26.75,122.25
,-26.75,122.5
,-26.75,122.75
,-26.75,123.0
,-26.75,123.25
,-26.75,123.5
,-26.75,123.75
,-26.75,124.0
,-27.0,113.0
,-27.0,113.25
,-27.0,113.5
,-27.0,113.75
,-27.0,114.0
,-27.0,114.25
,-27.0,114.5
,-27.0,114.75
,-27.0,115.0
,-27.0,115.25
,-27.0,115.5
,-27.0,115.75
,-27.0,116.0
,-27.0,116.25
,-27.0,116.5
,-27.0,116.75
,-27.0,117.0
,-27.0,117.25
,-27.0,117.5
,-27.0,117.75
,-27.0,118.0
,-27.0,118.25
,-27.0,118.5
,-27.0,118.75
,-27.0,119.0
,-27.0,119.25
,-27.0,119.5
,-27.0,119.75
,-27.0,120.0
,-27.0,120.25
,-27.0,120.5
,-27.0,120.75
,-27.0,121.0
,-27.0,121.25
,-27.0,121.5
,-27.0,121.75
,-27.0,122.0
,-27.0,122.25
,-27.0,122.5
,-27.0,122.75
,-27.0,123.0
,-27.0,123.25
,-27.0,123.5
,-27.0,123.75
,-27.0,124.0
,-27.25,113.0
,-27.25,113.25
,-27.25,113.5
,-27.25,113.75
,-27.25,114.0
,-27.25,114.25
,-27.25,114.5
,-27.25,114.75
,-27.25,115.0
,-27.25,115.25
,-27.25,115.5
,-27.25,115.75
,-27.25,116.0
,-27.25,116.25
,-27.25,116.5
,-27.25,116.75
,-27.25,117.0
,-27.25,117.25
,-27.25,117.5
,-27.25,117.75
,-27.25,118.0
,-27.25,118.25
,-27.25,118.5
,-27.25,118.75
,-27.25,119.0
,-27.25,119.25
,-27.25,119.5
,-27.25,119.75
,-27.25,120.0
,-27.25,120.25
,-27.25,120.5
,-27.25,120.75
,-27.25,121.0
,-27.25,121.25
,-27.25,121.5
,-27.25,121.75
,-27.25,122.0
,-27.25,122.25
,-27.25,122.5
,-27.25,122.75
,-27.25,123.0
,-27.25,123.25
,-27.25,123.5
,-27.25,123.75
,-27.25,124.0
,-27.5,113.0
,-27.5,113.25
,-27.5,113.5
,-27.5,113.75
,-27.5,114.0
,-27.5,114.25
,-27.5,114.5
,-27.5,114.75
,-27.5,115.0
,-27.5,115.25
,-27.5,115.5
,-27.5,115.75
,-27.5,116.0
,-27.5,116.25
,-27.5,116.5
,-27.5,116.75
,-27.5,117.0
,-27.5,117.25
,-27.5,117.5
,-27.5,117.75
,-27.5,118.0
,-27.5,118.25
,-27.5,118.5
,-27.5,118.75
,-27.5,119.0
,-27.5,119.25
,-27.5,119.5
,-27.5,119.75
,-27.5,120.0
,-27.5,120.25
,-27.5,120.5
,-27.5,120.75
,-27.5,121.0
,-27.5,121.25
,-27.5,121.5
,-27.5,121.75
,-27.5,122.0
,-27.5,122.25
,-27.5,122.5
,-27.5,122.75
,-27.5,123.0
,-27.5,123.25
,-27.5,123.5
,-27.5,123.75
,-27.5,124.0
,-27.75,113.0
,-27.75,113.25
,-27.75,113.5
,-27.75,113.75
,-27.75,114.0
,-27.75,114.25
,-27.75,114.5
,-27.75,114.75
,-27.75,115.0
,-27.75,115.25
,-27.75,115.5
,-27.75,115.75
,-27.75,116.0
,-27.75,116.25
,-27.75,116.5
,-27.75,116.75
,-27.75,117.0
,-27.75,117.25
,-27.75,117.5
,-27.75,117.75
,-27.75,118.0
,-27.75,118.25
,-27.75,118.5
,-27.75,118.75
,-27.75,119.0
,-27.75,119.25
,-27.75,119.5
,-27.75,119.75
,-27.75,120.0
,-27.75,120.25
,-27.75,120.5
,-27.75,120.75
,-27.75,121.0
,-27.75,121.25
,-27.75,121.5
,-27.75,121.75
,-27.75,122.0
,-27.75,122.25
,-27.75,122.5
,-27.75,122.75
,-27.75,123.0
,-27.75,123.25
,-27.75,123.5
,-27.75,123.75
,-27.75,124.0
,-28.0,113.0
,-28.0,113.25
,-28.0,113.5
,-28.0,113.75
,-28.0,114.0
,-28.0,114.25
,-28.0,114.5
,-28.0,114.75
,-28.0,115.0
,-28.0,115.25
,-28.0,115.5
,-28.0,115.75
,-28.0,116.0
,-28.0,116.25
,-28.0,116.5
,-28.0,116.75
,-28.0,117.0
,-28.0,117.25
,-28.0,117.5
,-28.0,117.75
,-28.0,118.0
,-28.0,118.25
,-28.0,118.5
,-28.0,118.75
,-28.0,119.0
,-28.0,119.25
,-28.0,119.5
,-28.0,119.75
,-28.0,120.0
,-28.0,120.25
,-28.0,120.5
,-28.0,120.75
,-28.0,121.0
,-28.0,121.25
,-28.0,121.5
,-28.0,121.75
,-28.0,122.0
,-28.0,122.25
,-28.0,122.5
,-28.0,122.75
,-28.0,123.0
,-28.0,123.25
,-28.0,123.5
,-28.0,123.75
,-28.0,124.0
,-28.25,113.0
,-28.25,113.25
,-28.25,113.5
,-28.25,113.75
,-28.25,114.0
,-28.25,114.25
,-28.25,114.5
,-28.25,114.75
,-28.25,115.0
,-28.25,115.25
,-28.25,115.5
,-28.25,115.75
,-28.25,116.0
,-28.25,116.25
,-28.25,116.5
,-28.25,116.75
,-28.25,117.0
,-28.25,117.25
,-28.25,117.5
,-28.25,117.75
,-28.25,118.0
,-28.25,118.25
,-28.25,118.5
,-28.25,118.75
,-28.25,119.0
,-28.25,119.25
,-28.25,119.5
,-28.25,119.75
,-28.25,120.0
,-28.25,120.25
,-28.25,120.5
,-28.25,120.75
,-28.25,121.0
,-28.25,121.25
,-28.25,121.5
,-28.25,121.75
,-28.25,122.0
,-28.25,122.25
,-28.25,122.5
,-28.25,122.75
,-28.25,123.0
,-28.25,123.25
,-28.25,123.5
,-28.25,123.75
,-28.25,124.0
,-28.5,113.0
,-28.5,113.25
,-28.5,113.5
,-28.5,113.75
,-28.5,114.0
,-28.5,114.25
,-28.5,114.5
,-28.5,114.75
,-28.5,115.0
,-28.5,115.25
,-28.5,115.5
,-28.5,115.75
,-28.5,116.0
,-28.5,116.25
,-28.5,116.5
,-28.5,116.75
,-28.5,117.0
,-28.5,117.25
,-28.5,117.5
,-28.5,117.75
,-28.5,118.0
,-28.5,118.25
,-28.5,118.5
,-28.5,118.75
,-28.5,119.0
,-28.5,119.25
,-28.5,119.5
,-28.5,119.75
,-28.5,120.0
,-28.5,120.25
,-28.5,120.5
,-28.5,120.75
,-28.5,121.0
,-28.5,121.25
,-28.5,121.5
,-28.5,121.75
,-28.5,122.0
,-28.5,122.25
,-28.5,122.5
,-28.5,122.75
,-28.5,123.0
,-28.5,123.25
,-28.5,123.5
,-28.5,123.75
,-28.5,124.0
,-28.75,113.0
,-28.75,113.25
,-28.75,113.5
,-28.75,113.75
,-28.75,114.0
,-28.75,114.25
,-28.75,114.5
,-28.75,114.75
,-28.75,115.0
,-28.75,115.25
,-28.75,115.5
,-28.75,115.75
,-28.75,116.0
,-28.75,116.25
,-28.75,116.5
,-28.75,116.75
,-28.75,117.0
,-28.75,117.25
,-28.75,117.5
,-28.75,117.75
,-28.75,118.0
,-28.75,118.25
,-28.75,118.5
,-28.75,118.75
,-28.75,119.0
,-28.75,119.25
,-28.75,119.5
,-28.75,119.75
,-28.75,120.0
,-28.75,120.25
,-28.75,120.5
,-28.75,120.75
,-28.75,121.0
,-28.75,121.25
,-28.75,121.5
,-28.75,121.75
,-28.75,122.0
,-28.75,122.25
,-28.75,122.5
,-28.75,122.75
,-28.75,123.0
,-28.75,123.25
,-28.75,123.5
,-28.75,123.75
,-28.75,124.0
,-29.0,113.0
,-29.0,113.25
,-29.0,113.5
,-29.0,113.75
,-29.0,114.0
,-29.0,114.25
,-29.0,114.5
,-29.0,114.75
,-29.0,115.0
,-29.0,115.25
,-29.0,115.5
,-29.0,115.75
,-29.0,116.0
,-29.0,116.25
,-29.0,116.5
,-29.0,116.75
,-29.0,117.0
,-29.0,117.25
,-29.0,117.5
,-29.0,117.75
,-29.0,118.0
,-29.0,118.25
,-29.0,118.5
,-29.0,118.75
,-29.0,119.0
,-29.0,119.25
,-29.0,119.5
,-29.0,119.75
,-29.0,120.0
,-29.0,120.25
,-29.0,120.5
,-29.0,120.75
,-29.0,121.0
,-29.0,121.25
,-29.0,121.5
,-29.0,121.75
,-29.0,122.0
,-29.0,122.25
,-29.0,122.5
,-29.0,122.75
,-29.0,123.0
,-29.0,123.25
,-29.0,123.5
,-29.0,123.75
,-29.0,124.0
,-29.25,113.0
,-29.25,113.25
,-29.25,113.5
,-29.25,113.75
,-29.25,114.0
,-29.25,114.25
,-29.25,114.5
,-29.25,114.75
,-29.25,115.0
,-29.25,115.25
,-29.25,115.5
,-29.25,115.75
,-29.25,116.0
,-29.25,116.25
,-29.25,116.5
,-29.25,116.75
,-29.25,117.0
,-29.25,117.25
,-29.25,117.5
,-29.25,117.75
,-29.25,118.0
,-29.25,118.25
,-29.25,118.5
,-29.25,118.75
,-29.25,119.0
,-29.25,119.25
,-29.25,119.5
,-29.25,119.75
,-29.25,120.0
,-29.25,120.25
,-29.25,120.5
,-29.25,120.75
,-29.25,121.0
,-29.25,121.25
,-29.25,121.5
,-29.25,121.75
,-29.25,122.0
,-29.25,122.25
,-29.25,122.5
,-29.25,122.75
,-29.25,123.0
,-29.25,123.25
,-29.25,123.5
,-29.25,123.75
,-29.25,124.0
,-29.5,113.0
,-29.5,113.25
,-29.5,113.5
,-29.5,113.75
,-29.5,114.0
,-29.5,114.25
,-29.5,114.5
,-29.5,114.75
,-29.5,115.0
,-29.5,115.25
,-29.5,115.5
,-29.5,115.75
,-29.5,116.0
,-29.5,116.25
,-29.5,116.5
,-29.5,116.75
,-29.5,117.0
,-29.5,117.25
,-29.5,117.5
,-29.5,117.75
,-29.5,118.0
,-29.5,118.25
,-29.5,118.5
,-29.5,118.75
,-29.5,119.0
,-29.5,119.25
,-29.5,119.5
,-29.5,119.75
,-29.5,120.0
,-29.5,120.25
,-29.5,120.5
,-29.5,120.75
,-29.5,121.0
,-29.5,121.25
,-29.5,121.5
,-29.5,121.75
,-29.5,122.0
,-29.5,122.25
,-29.5,122.5
,-29.5,122.75
,-29.5,123.0
,-29.5,123.25
,-29.5,123.5
,-29.5,123.75
,-29.5,124.0
,-29.75,113.0
,-29.75,113.25
,-29.75,113.5
,-29.75,113.75
,-29.75,114.0
,-29.75,114.25
,-29.75,114.5
,-29.75,114.75
,-29.75,115.0
,-29.75,115.25
,-29.75,115.5
,-29.75,115.75
,-29.75,116.0
,-29.75,116.25
,-29.75,116.5
,-29.75,116.75
,-29.75,117.0
,-29.75,117.25
,-29.75,117.5
,-29.75,117.75
,-29.75,118.0
,-29.75,118.25
,-29.75,118.5
,-29.75,118.75
,-29.75,119.0
,-29.75,119.25
,-29.75,119.5
,-29.75,119.75
,-29.75,120.0
,-29.75,120.25
,-29.75,120.5
,-29.75,120.75
,-29.75,121.0
,-29.75,121.25
,-29.75,121.5
,-29.75,121.75
,-29.75,122.0
,-29.75,122.25
,-29.75,122.5
,-29.75,122.75
,-29.75,123.0
,-29.75,123.25
,-29.75,123.5
,-29.75,123.75
,-29.75,124.0
,-30.0,113.0
,-30.0,113.25
,-30.0,113.5
,-30.0,113.75
,-30.0,114.0
,-30.0,114.25
,-30.0,114.5
,-30.0,114.75
,-30.0,115.0
,-30.0,115.25
,-30.0,115.5
,-30.0,115.75
,-30.0,116.0
,-30.0,116.25
,-30.0,116.5
,-30.0,116.75
,-30.0,117.0
,-30.0,117.25
,-30.0,117.5
,-30.0,117.75
,-30.0,118.0
,-30.0,118.25
,-30.0,118.5
,-30.0,118.75
,-30.0,119.0
,-30.0,119.25
,-30.0,119.5
,-30.0,119.75
,-30.0,120.0
,-30.0,120.25
,-30.0,120.5
,-30.0,120.75
,-30.0,121.0
,-30.0,121.25
,-30.0,121.5
,-30.0,121.75
,-30.0,122.0
,-30.0,122.25
,-30.0,122.5
,-30.0,122.75
,-30.0,123.0
,-30.0,123.25
,-30.0,123.5
,-30.0,123.75
,-30.0,124.0
,-30.25,113.0
,-30.25,113.25
,-30.25,113.5
,-30.25,113.75
,-30.25,114.0
,-30.25,114.25
,-30.25,114.5
,-30.25,114.75
,-30.25,115.0
,-30.25,115.25
,-30.25,115.5
,-30.25,115.75
,-30.25,116.0
,-30.25,116.25
,-30.25,116.5
,-30.25,116.75
,-30.25,117.0
,-30.25,117.25
,-30.25,117.5
,-30.25,117.75
,-30.25,118.0
,-30.25,118.25
,-30.25,118.5
,-30.25,118.75
,-30.25,119.0
,-30.25,119.25
,-30.25,119.5
,-30.25,119.75
,-30.25,120.0
,-30.25,120.25
,-30.25,120.5
,-30.25,120.75
,-30.25,121.0
,-30.25,121.25
,-30.25,121.5
,-30.25,121.75
,-30.25,122.0
,-30.25,122.25
,-30.25,122.5
,-30.25,122.75
,-30.25,123.0
,-30.25,123.25
,-30.25,123.5
,-30.25,123.75
,-30.25,124.0
,-30.5,113.0
,-30.5,113.25
,-30.5,113.5
,-30.5,113.75
,-30.5,114.0
,-30.5,114.25
,-30.5,114.5
,-30.5,114.75
,-30.5,115.0
,-30.5,115.25
,-30.5,115.5
,-30.5,115.75
,-30.5,116.0
,-30.5,116.25
,-30.5,116.5
,-30.5,116.75
,-30.5,117.0
,-30.5,117.25
,-30.5,117.5
,-30.5,117.75
,-30.5,118.0
,-30.5,118.25
,-30.5,118.5
,-30.5,118.75
,-30.5,119.0
,-30.5,119.25
,-30.5,119.5
,-30.5,119.75
,-30.5,120.0
,-30.5,120.25
,-30.5,120.5
,-30.5,120.75
,-30.5,121.0
,-30.5,121.25
,-30.5,121.5
,-30.5,121.75
,-30.5,122.0
,-30.5,122.25
,-30.5,122.5
,-30.5,122.75
,-30.5,123.0
,-30.5,123.25
,-30.5,123.5
,-30.5,123.75
,-30.5,124.0
,-30.75,113.0
,-30.75,113.25
,-30.75,113.5
,-30.75,113.75
,-30.75,114.0
,-30.75,114.25
,-30.75,114.5
,-30.75,114.75
,-30.75,115.0
,-30.75,115.25
,-30.75,115.5
,-30.75,115.75
,-30.75,116.0
,-30.75,116.25
,-30.75,116.5
,-30.75,116.75
,-30.75,117.0
,-30.75,117.25
,-30.75,117.5
,-30.75,117.75
,-30.75,118.0
,-30.75,118.25
,-30.75,118.5
,-30.75,118.75
,-30.75,119.0
,-30.75,119.25
,-30.75,119.5
,-30.75,119.75
,-30.75,120.0
,-30.75,120.25
,-30.75,120.5
,-30.75,120.75
,-30.75,121.0
,-30.75,121.25
,-30.75,121.5
,-30.75,121.75
,-30.75,122.0
,-30.75,122.25
,-30.75,122.5
,-30.75,122.75
,-30.75,123.0
,-30.75,123.25
,-30.75,123.5
,-30.75,123.75
,-30.75,124.0
,-31.0,113.0
,-31.0,113.25
,-31.0,113.5
,-31.0,113.75
,-31.0,114.0
,-31.0,114.25
,-31.0,114.5
,-31.0,114.75
,-31.0,115.0
,-31.0,115.25
,-31.0,115.5
,-31.0,115.75
,-31.0,116.0
,-31.0,116.25
,-31.0,116.5
,-31.0,116.75
,-31.0,117.0
,-31.0,117.25
,-31.0,117.5
,-31.0,117.75
,-31.0,118.0
,-31.0,118.25
,-31.0,118.5
,-31.0,118.75
,-31.0,119.0
,-31.0,119.25
,-31.0,119.5
,-31.0,119.75
,-31.0,120.0
,-31.0,120.25
,-31.0,120.5
,-31.0,120.75
,-31.0,121.0
,-31.0,121.25
,-31.0,121.5
,-31.0,121.75
,-31.0,122.0
,-31.0,122.25
,-31.0,122.5
,-31.0,122.75
,-31.0,123.0
,-31.0,123.25
,-31.0,123.5
,-31.0,123.75
,-31.0,124.0
,-31.25,113.0
,-31.25,113.25
,-31.25,113.5
,-31.25,113.75
,-31.25,114.0
,-31.25,114.25
,-31.25,114.5
,-31.25,114.75
,-31.25,115.0
,-31.25,115.25
,-31.25,115.5
,-31.25,115.75
,-31.25,116.0
,-31.25,116.25
,-31.25,116.5
,-31.25,116.75
,-31.25,117.0
,-31.25,117.25
,-31.25,117.5
,-31.25,117.75
,-31.25,118.0
,-31.25,118.25
,-31.25,118.5
,-31.25,118.75
,-31.25,119.0
,-31.25,119.25
,-31.25,119.5
,-31.25,119.75
,-31.25,120.0
,-31.25,120.25
,-31.25,120.5
,-31.25,120.75
,-31.25,121.0
,-31.25,121.25
,-31.25,121.5
,-31.25,121.75
,-31.25,122.0
,-31.25,122.25
,-31.25,122.5
,-31.25,122.75
,-31.25,123.0
,-31.25,123.25
,-31.25,123.5
,-31.25,123.75
,-31.25,124.0
,-31.5,113.0
,-31.5,113.25
,-31.5,113.5
,-31.5,113.75
,-31.5,114.0
,-31.5,114.25
,-31.5,114.5
,-31.5,114.75
,-31.5,115.0
,-31.5,115.25
,-31.5,115.5
,-31.5,115.75
,-31.5,116.0
,-31.5,116.25
,-31.5,116.5
,-31.5,116.75
,-31.5,117.0
,-31.5,117.25
,-31.5,117.5
,-31.5,117.75
,-31.5,118.0
,-31.5,118.25
,-31.5,118.5
,-31.5,118.75
,-31.5,119.0
,-31.5,119.25
,-31.5,119.5
,-31.5,119.75
,-31.5,120.0
,-31.5,120.25
,-31.5,120.5
,-31.5,120.75
,-31.5,121.0
,-31.5,121.25
,-31.5,121.5
,-31.5,121.75
,-31.5,122.0
,-31.5,122.25
,-31.5,122.5
,-31.5,122.75
,-31.5,123.0
,-31.5,123.25
,-31.5,123.5
,-31.5,123.75
,-31.5,124.0
,-31.75,113.0
,-31.75,113.25
,-31.75,113.5
,-31.75,113.75
,-31.75,114.0
,-31.75,114.25
,-31.75,114.5
,-31.75,114.75
,-31.75,115.0
,-31.75,115.25
,-31.75,115.5
,-31.75,115.75
,-31.75,116.0
,-31.75,116.25
,-31.75,116.5
,-31.75,116.75
,-31.75,117.0
,-31.75,117.25
,-31.75,117.5
,-31.75,117.75
,-31.75,118.0
,-31.75,118.25
,-31.75,118.5
,-31.75,118.75
,-31.75,119.0
,-31.75,119.25
,-31.75,119.5
,-31.75,119.75
,-31.75,120.0
,-31.75,120.25
,-31.75,120.5
,-31.75,120.75
,-31.75,121.0
,-31.75,121.25
,-31.75,121.5
,-31.75,121.75
,-31.75,122.0
,-31.75,122.25
,-31.75,122.5
,-31.75,122.75
,-31.75,123.0
,-31.75,123.25
,-31.75,123.5
,-31.75,123.75
,-31.75,124.0
,-32.0,113.0
,-32.0,113.25
,-32.0,113.5
,-32.0,113.75
,-32.0,114.0
,-32.0,114.25
,-32.0,114.5
,-32.0,114.75
,-32.0,115.0
,-32.0,115.25
,-32.0,115.5
,-32.0,115.75
,-32.0,116.0
,-32.0,116.25
,-32.0,116.5
,-32.0,116.75
,-32.0,117.0
,-32.0,117.25
,-32.0,117.5
,-32.0,117.75
,-32.0,118.0
,-32.0,118.25
,-32.0,118.5
,-32.0,118.75
,-32.0,119.0
,-32.0,119.25
,-32.0,119.5
,-32.0,119.75
,-32.0,120.0
,-32.0,120.25
,-32.0,120.5
,-32.0,120.75
,-32.0,121.0
,-32.0,121.25
,-32.0,121.5
,-32.0,121.75
,-32.0,122.0
,-32.0,122.25
,-32.0,122.5
,-32.0,122.75
,-32.0,123.0
,-32.0,123.25
,-32.0,123.5
,-32.0,123.75
,-32.0,124.0
,-32.25,113.0
,-32.25,113.25
,-32.25,113.5
,-32.25,113.75
,-32.25,114.0
,-32.25,114.25
,-32.25,114.5
,-32.25,114.75
,-32.25,115.0
,-32.25,115.25
,-32.25,115.5
,-32.25,115.75
,-32.25,116.0
,-32.25,116.25
,-32.25,116.5
,-32.25,116.75
,-32.25,117.0
,-32.25,117.25
,-32.25,117.5
,-32.25,117.75
,-32.25,118.0
,-32.25,118.25
,-32.25,118.5
,-32.25,118.75
,-32.25,119.0
,-32.25,119.25
,-32.25,119.5
,-32.25,119.75
,-32.25,120.0
,-32.25,120.25
,-32.25,120.5
,-32.25,120.75
,-32.25,121.0
,-32.25,121.25
,-32.25,121.5
,-32.25,121.75
,-32.25,122.0
,-32.25,122.25
,-32.25,122.5
,-32.25,122.75
,-32.25,123.0
,-32.25,123.25
,-32.25,123.5
,-32.25,123.75
,-32.25,124.0
,-32.5,113.0
,-32.5,113.25
,-32.5,113.5
,-32.5,113.75
,-32.5,114.0
,-32.5,114.25
,-32.5,114.5
,-32.5,114.75
,-32.5,115.0
,-32.5,115.25
,-32.5,115.5
,-32.5,115.75
,-32.5,116.0
,-32.5,116.25
,-32.5,116.5
,-32.5,116.75
,-32.5,117.0
,-32.5,117.25
,-32.5,117.5
,-32.5,117.75
,-32.5,118.0
,-32.5,118.25
,-32.5,118.5
,-32.5,118.75
,-32.5,119.0
,-32.5,119.25
,-32.5,119.5
,-32.5,119.75
,-32.5,120.0
,-32.5,120.25
,-32.5,120.5
,-32.5,120.75
,-32.5,121.0
,-32.5,121.25
,-32.5,121.5
,-32.5,121.75
,-32.5,122.0
,-32.5,122.25
,-32.5,122.5
,-32.5,122.75
,-32.5,123.0
,-32.5,123.25
,-32.5,123.5
,-32.5,123.75
,-32.5,124.0
,-32.75,113.0
,-32.75,113.25
,-32.75,113.5
,-32.75,113.75
,-32.75,114.0
,-32.75,114.25
,-32.75,114.5
,-32.75,114.75
,-32.75,115.0
,-32.75,115.25
,-32.75,115.5
,-32.75,115.75
,-32.75,116.0
,-32.75,116.25
,-32.75,116.5
,-32.75,116.75
,-32.75,117.0
,-32.75,117.25
,-32.75,117.5
,-32.75,117.75
,-32.75,118.0
,-32.75,118.25
,-32.75,118.5
,-32.75,118.75
,-32.75,119.0
,-32.75,119.25
,-32.75,119.5
,-32.75,119.75
,-32.75,120.0
,-32.75,120.25
,-32.75,120.5
,-32.75,120.75
,-32.75,121.0
,-32.75,121.25
,-32.75,121.5
,-32.75,121.75
,-32.75,122.0
,-32.75,122.25
,-32.75,122.5
,-32.75,122.75
,-32.75,123.0
,-32.75,123.25
,-32.75,123.5
,-32.75,123.75
,-32.75,124.0
,-33.0,113.0
,-33.0,113.25
,-33.0,113.5
,-33.0,113.75
,-33.0,114.0
,-33.0,114.25
,-33.0,114.5
,-33.0,114.75
,-33.0,115.0
,-33.0,115.25
,-33.0,115.5
,-33.0,115.75
,-33.0,116.0
,-33.0,116.25
,-33.0,116.5
,-33.0,116.75
,-33.0,117.0
,-33.0,117.25
,-33.0,117.5
,-33.0,117.75
,-33.0,118.0
,-33.0,118.25
,-33.0,118.5
,-33.0,118.75
,-33.0,119.0
,-33.0,119.25
,-33.0,119.5
,-33.0,119.75
,-33.0,120.0
,-33.0,120.25
,-33.0,120.5
,-33.0,120.75
,-33.0,121.0
,-33.0,121.25
,-33.0,121.5
,-33.0,121.75
,-33.0,122.0
,-33.0,122.25
,-33.0,122.5
,-33.0,122.75
,-33.0,123.0
,-33.0,123.25
,-33.0,123.5
,-33.0,123.75
,-33.0,124.0
,-33.25,113.0
,-33.25,113.25
,-33.25,113.5
,-33.25,113.75
,-33.25,114.0
,-33.25,114.25
,-33.25,114.5
,-33.25,114.75
,-33.25,115.0
,-33.25,115.25
,-33.25,115.5
,-33.25,115.75
,-33.25,116.0
,-33.25,116.25
,-33.25,116.5
,-33.25,116.75
,-33.25,117.0
,-33.25,117.25
,-33.25,117.5
,-33.25,117.75
,-33.25,118.0
,-33.25,118.25
,-33.25,118.5
,-33.25,118.75
,-33.25,119.0
,-33.25,119.25
,-33.25,119.5
,-33.25,119.75
,-33.25,120.0
,-33.25,120.25
,-33.25,120.5
,-33.25,120.75
,-33.25,121.0
,-33.25,121.25
,-33.25,121.5
,-33.25,121.75
,-33.25,122.0
,-33.25,122.25
,-33.25,122.5
,-33.25,122.75
,-33.25,123.0
,-33.25,123.25
,-33.25,123.5
,-33.25,123.75
,-33.25,124.0
,-33.5,113.0
,-33.5,113.25
,-33.5,113.5
,-33.5,113.75
,-33.5,114.0
,-33.5,114.25
,-33.5,114.5
,-33.5,114.75
,-33.5,115.0
,-33.5,115.25
,-33.5,115.5
,-33.5,115.75
,-33.5,116.0
,-33.5,116.25
,-33.5,116.5
,-33.5,116.75
,-33.5,117.0
,-33.5,117.25
,-33.5,117.5
,-33.5,117.75
,-33.5,118.0
,-33.5,118.25
,-33.5,118.5
,-33.5,118.75
,-33.5,119.0
,-33.5,119.25
,-33.5,119.5
,-33.5,119.75
,-33.5,120.0
,-33.5,120.25
,-33.5,120.5
,-33.5,120.75
,-33.5,121.0
,-33.5,121.25
,-33.5,121.5
,-33.5,121.75
,-33.5,122.0
,-33.5,122.25
,-33.5,122.5
,-33.5,122.75
,-33.5,123.0
,-33.5,123.25
,-33.5,123.5
,-33.5,123.75
,-33.5,124.0
,-33.75,113.0
,-33.75,113.25
,-33.75,113.5
,-33.75,113.75
,-33.75,114.0
,-33.75,114.25
,-33.75,114.5
,-33.75,114.75
,-33.75,115.0
,-33.75,115.25
,-33.75,115.5
,-33.75,115.75
,-33.75,116.0
,-33.75,116.25
,-33.75,116.5
,-33.75,116.75
,-33.75,117.0
,-33.75,117.25
,-33.75,117.5
,-33.75,117.75
,-33.75,118.0
,-33.75,118.25
,-33.75,118.5
,-33.75,118.75
,-33.75,119.0
,-33.75,119.25
,-33.75,119.5
,-33.75,119.75
,-33.75,120.0
,-33.75,120.25
,-33.75,120.5
,-33.75,120.75
,-33.75,121.0
,-33.75,121.25
,-33.75,121.5
,-33.75,121.75
,-33.75,122.0
,-33.75,122.25
,-33.75,122.5
,-33.75,122.75
,-33.75,123.0
,-33.75,123.25
,-33.75,123.5
,-33.75,123.75
,-33.75,124.0
,-34.0,113.0
,-34.0,113.25
,-34.0,113.5
,-34.0,113.75
,-34.0,114.0
,-34.0,114.25
,-34.0,114.5
,-34.0,114.75
,-34.0,115.0
,-34.0,115.25
,-34.0,115.5
,-34.0,115.75
,-34.0,116.0
,-34.0,116.25
,-34.0,116.5
,-34.0,116.75
,-34.0,117.0
,-34.0,117.25
,-34.0,117.5
,-34.0,117.75
,-34.0,118.0
,-34.0,118.25
,-34.0,118.5
,-34.0,118.75
,-34.0,119.0
,-34.0,119.25
,-34.0,119.5
,-34.0,119.75
,-34.0,120.0
,-34.0,120.25
,-34.0,120.5
,-34.0,120.75
,-34.0,121.0
,-34.0,121.25
,-34.0,121.5
,-34.0,121.75
,-34.0,122.0
,-34.0,122.25
,-34.0,122.5
,-34.0,122.75
,-34.0,123.0
,-34.0,123.25
,-34.0,123.5
,-34.0,123.75
,-34.0,124.0
,-34.25,113.0
,-34.25,113.25
,-34.25,113.5
,-34.25,113.75
,-34.25,114.0
,-34.25,114.25
,-34.25,114.5
,-34.25,114.75
,-34.25,115.0
,-34.25,115.25
,-34.25,115.5
,-34.25,115.75
,-34.25,116.0
,-34.25,116.25
,-34.25,116.5
,-34.25,116.75
,-34.25,117.0
,-34.25,117.25
,-34.25,117.5
,-34.25,117.75
,-34.25,118.0
,-34.25,118.25
,-34.25,118.5
,-34.25,118.75
,-34.25,119.0
,-34.25,119.25
,-34.25,119.5
,-34.25,119.75
,-34.25,120.0
,-34.25,120.25
,-34.25,120.5
,-34.25,120.75
,-34.25,121.0
,-34.25,121.25
,-34.25,121.5
,-34.25,121.75
,-34.25,122.0
,-34.25,122.25
,-34.25,122.5
,-34.25,122.75
,-34.25,123.0
,-34.25,123.25
,-34.25,123.5
,-34.25,123.75
,-34.25,124.0
,-34.5,113.0
,-34.5,113.25
,-34.5,113.5
,-34.5,113.75
,-34.5,114.0
,-34.5,114.25
,-34.5,114.5
,-34.5,114.75
,-34.5,115.0
,-34.5,115.25
,-34.5,115.5
,-34.5,115.75
,-34.5,116.0
,-34.5,116.25
,-34.5,116.5
,-34.5,116.75
,-34.5,117.0
,-34.5,117.25
,-34.5,117.5
,-34.5,117.75
,-34.5,118.0
,-34.5,118.25
,-34.5,118.5
,-34.5,118.75
,-34.5,119.0
,-34.5,119.25
,-34.5,119.5
,-34.5,119.75
,-34.5,120.0
,-34.5,120.25
,-34.5,120.5
,-34.5,120.75
,-34.5,121.0
,-34.5,121.25
,-34.5,121.5
,-34.5,121.75
,-34.5,122.0
,-34.5,122.25
,-34.5,122.5
,-34.5,122.75
,-34.5,123.0
,-34.5,123.25
,-34.5,123.5
,-34.5,123.75
,-34.5,124.0
,-34.75,113.0
,-34.75,113.25
,-34.75,113.5
,-34.75,113.75
,-34.75,114.0
,-34.75,114.25
,-34.75,114.5
,-34.75,114.75
,-34.75,115.0
,-34.75,115.25
,-34.75,115.5
,-34.75,115.75
,-34.75,116.0
,-34.75,116.25
,-34.75,116.5
,-34.75,116.75
,-34.75,117.0
,-34.75,117.25
,-34.75,117.5
,-34.75,117.75
,-34.75,118.0
,-34.75,118.25
,-34.75,118.5
,-34.75,118.75
,-34.75,119.0
,-34.75,119.25
,-34.75,119.5
,-34.75,119.75
,-34.75,120.0
,-34.75,120.25
,-34.75,120.5
,-34.75,120.75
,-34.75,121.0
,-34.75,121.25
,-34.75,121.5
,-34.75,121.75
,-34.75,122.0
,-34.75,122.25
,-34.75,122.5
,-34.75,122.75
,-34.75,123.0
,-34.75,123.25
,-34.75,123.5
,-34.75,123.75
,-34.75,124.0
,-35.0,113.0
,-35.0,113.25
,-35.0,113.5
,-35.0,113.75
,-35.0,114.0
,-35.0,114.25
,-35.0,114.5
,-35.0,114.75
,-35.0,115.0
,-35.0,115.25
,-35.0,115.5
,-35.0,115.75
,-35.0,116.0
,-35.0,116.25
,-35.0,116.5
,-35.0,116.75
,-35.0,117.0
,-35.0,117.25
,-35.0,117.5
,-35.0,117.75
,-35.0,118.0
,-35.0,118.25
,-35.0,118.5
,-35.0,118.75
,-35.0,119.0
,-35.0,119.25
,-35.0,119.5
,-35.0,119.75
,-35.0,120.0
,-35.0,120.25
,-35.0,120.5
,-35.0,120.75
,-35.0,121.0
,-35.0,121.25
,-35.0,121.5
,-35.0,121.75
,-35.0,122.0
,-35.0,122.25
,-35.0,122.5
,-35.0,122.75
,-35.0,123.0
,-35.0,123.25
,-35.0,123.5
,-35.0,123.75
,-35.0,124.0
,-35.25,113.0
,-35.25,113.25
,-35.25,113.5
,-35.25,113.75
,-35.25,114.0
,-35.25,114.25
,-35.25,114.5
,-35.25,114.75
,-35.25,115.0
,-35.25,115.25
,-35.25,115.5
,-35.25,115.75
,-35.25,116.0
,-35.25,116.25
,-35.25,116.5
,-35.25,116.75
,-35.25,117.0
,-35.25,117.25
,-35.25,117.5
,-35.25,117.75
,-35.25,118.0
,-35.25,118.25
,-35.25,118.5
,-35.25,118.75
,-35.25,119.0
,-35.25,119.25
,-35.25,119.5
,-35.25,119.75
,-35.25,120.0
,-35.25,120.25
,-35.25,120.5
,-35.25,120.75
,-35.25,121.0
,-35.25,121.25
,-35.25,121.5
,-35.25,121.75
,-35.25,122.0
,-35.25,122.25
,-35.25,122.5
,-35.25,122.75
,-35.25,123.0
,-35.25,123.25
,-35.25,123.5
,-35.25,123.75
,-35.25,124.0
,-35.5,113.0
,-35.5,113.25
,-35.5,113.5
,-35.5,113.75
,-35.5,114.0
,-35.5,114.25
,-35.5,114.5
,-35.5,114.75
,-35.5,115.0
,-35.5,115.25
,-35.5,115.5
,-35.5,115.75
,-35.5,116.0
,-35.5,116.25
,-35.5,116.5
,-35.5,116.75
,-35.5,117.0
,-35.5,117.25
,-35.5,117.5
,-35.5,117.75
,-35.5,118.0
,-35.5,118.25
,-35.5,118.5
,-35.5,118.75
,-35.5,119.0
,-35.5,119.25
,-35.5,119.5
,-35.5,119.75
,-35.5,120.0
,-35.5,120.25
,-35.5,120.5
,-35.5,120.75
,-35.5,121.0
,-35.5,121.25
,-35.5,121.5
,-35.5,121.75
,-35.5,122.0
,-35.5,122.25
,-35.5,122.5
,-35.5,122.75
,-35.5,123.0
,-35.5,123.25
,-35.5,123.5
,-35.5,123.75
,-35.5,124.0
,-35.75,113.0
,-35.75,113.25
,-35.75,113.5
,-35.75,113.75
,-35.75,114.0
,-35.75,114.25
,-35.75,114.5
,-35.75,114.75
,-35.75,115.0
,-35.75,115.25
,-35.75,115.5
,-35.75,115.75
,-35.75,116.0
,-35.75,116.25
,-35.75,116.5
,-35.75,116.75
,-35.75,117.0
,-35.75,117.25
,-35.75,117.5
,-35.75,117.75
,-35.75,118.0
,-35.75,118.25
,-35.75,118.5
,-35.75,118.75
,-35.75,119.0
,-35.75,119.25
,-35.75,119.5
,-35.75,119.75
,-35.75,120.0
,-35.75,120.25
,-35.75,120.5
,-35.75,120.75
,-35.75,121.0
,-35.75,121.25
,-35.75,121.5
,-35.75,121.75
,-35.75,122.0
,-35.75,122.25
,-35.75,122.5
,-35.75,122.75
,-35.75,123.0
,-35.75,123.25
,-35.75,123.5
,-35.75,123.75
,-35.75,124.0
,-36.0,113.0
,-36.0,113.25
,-36.0,113.5
,-36.0,113.75
,-36.0,114.0
,-36.0,114.25
,-36.0,114.5
,-36.0,114.75
,-36.0,115.0
,-36.0,115.25
,-36.0,115.5
,-36.0,115.75
,-36.0,116.0
,-36.0,116.25
,-36.0,116.5
,-36.0,116.75
,-36.0,117.0
,-36.0,117.25
,-36.0,117.5
,-36.0,117.75
,-36.0,118.0
,-36.0,118.25
,-36.0,118.5
,-36.0,118.75
,-36.0,119.0
,-36.0,119.25
,-36.0,119.5
,-36.0,119.75
,-36.0,120.0
,-36.0,120.25
,-36.0,120.5
,-36.0,120.75
,-36.0,121.0
,-36.0,121.25
,-36.0,121.5
,-36.0,121.75
,-36.0,122.0
,-36.0,122.25
,-36.0,122.5
,-36.0,122.75
,-36.0,123.0
,-36.0,123.25
,-36.0,123.5
,-36.0,123.75
,-36.0,124.0
